{
    "a_affirmative": {
        "n_estimators": 100, 
        "RocAucScore": 0.7486816616444253
    }, "a_conditional": {
        "n_estimators": 25, 
        "RocAucScore": 0.8068317909635275
    }, "a_doubt_question": {
        "n_estimators": 50, 
        "RocAucScore": 0.7683276263851239
    }, "a_emphasis": {
        "n_estimators": 100, 
        "RocAucScore": 0.7210263938143131
    }, "a_negative": {
        "n_estimators": 100, 
        "RocAucScore": 0.7352016520519656
    }, "a_relative": {
        "n_estimators": 50, 
        "RocAucScore": 0.8356810890367393
    }, "a_topics": {
        "n_estimators": 50, 
        "RocAucScore": 0.8204429477317925
    }, "a_wh_question": {
        "n_estimators": 50, 
        "RocAucScore": 0.7449290981281906
    }, "a_yn_question": {
        "n_estimators": 50, 
        "RocAucScore": 0.7032442352355673
    }, "b_affirmative": {
        "n_estimators": 10, 
        "RocAucScore": 0.6860361552028218
    }, "b_conditional": {
        "n_estimators": 50, 
        "RocAucScore": 0.8905373477535755
    }, "b_doubt_question": {
        "n_estimators": 25, 
        "RocAucScore": 0.8781147747294236
    }, "b_emphasis": {
        "n_estimators": 100,
        "RocAucScore": 0.8783077700994438
    }, "b_negative": {
        "n_estimators": 50, 
        "RocAucScore": 0.7941848587785353
    }, "b_relative": {
        "n_estimators": 50, 
        "RocAucScore": 0.8955538837690427
    }, "b_topics": {
        "n_estimators": 10, 
        "RocAucScore": 0.8518249380677126
    }, "b_wh_question": {
        "n_estimators": 100, 
        "RocAucScore": 0.8971625579692458
    }, "b_yn_question": {
        "n_estimators": 100, 
        "RocAucScore": 0.8782267074353922
    }
}